{"cameraMode":{"drawMode":0,"name":"Shaded","section":"Shading Mode"},"sceneLighting":false,"audioPlay":false,"sceneViewState":{"m_AlwaysRefresh":false,"showFog":false,"showSkybox":false,"showFlares":false,"showImageEffects":false,"showParticleSystems":false,"showVisualEffectGraphs":true,"m_FxEnabled":true},"in2DMode":false,"pivot":{"x":-0.000035822391510009766,"y":0.8936691284179688,"z":0.01540730893611908},"rotation":{"x":0.14795735478401185,"y":0.0008881363901309669,"z":-0.00013162448885850608,"w":0.9890112280845642},"size":1.3409873247146607,"orthographic":true}