{"cameraMode":{"drawMode":0,"name":"Shaded","section":"Shading Mode"},"sceneLighting":false,"audioPlay":false,"sceneViewState":{"m_AlwaysRefresh":false,"showFog":true,"showSkybox":false,"showFlares":true,"showImageEffects":true,"showParticleSystems":true,"showVisualEffectGraphs":true,"m_FxEnabled":true},"in2DMode":false,"pivot":{"x":0.9439067840576172,"y":-30.43275260925293,"z":3.4140405654907228},"rotation":{"x":0.14795735478401185,"y":0.0008881363901309669,"z":-0.00013162448885850608,"w":0.9890112280845642},"size":1.7481762170791627,"orthographic":true}